TRUNCATE TABLE payments, invoices, tickets, hosting, dns, ssl, domains, clients, plans, zones RESTART IDENTITY CASCADE;

INSERT INTO zones (name, price) VALUES
    ('ru', 590.00),
    ('рф', 890.00),
    ('com', 1290.00),
    ('net', 1290.00),
    ('org', 990.00),
    ('info', 1590.00),
    ('online', 1990.00),
    ('store', 1990.00),
    ('tech', 1790.00),
    ('site', 1490.00);

INSERT INTO plans (name, disk_mb, bandwidth_mb, price) VALUES
    ('Стартовый', 1024, 10240, 199.00),
    ('Базовый', 5120, 51200, 399.00),
    ('Оптимальный', 10240, 102400, 699.00),
    ('Профессиональный', 20480, 204800, 999.00),
    ('Бизнес', 51200, 512000, 1999.00),
    ('Интернет-магазин', 30720, 307200, 1499.00),
    ('VPS-1', 25600, 256000, 1299.00),
    ('VPS-2', 51200, 512000, 2499.00),
    ('VPS-3', 102400, 1024000, 4999.00),
    ('Выделенный сервер', 1024000, 10240000, 9999.00);

INSERT INTO clients (first_name, last_name, email, phone, company, address, created) VALUES
    ('Иван', 'Петров', 'ivan.petrov@email.com', '+7 (901) 123-45-67', NULL, 'г. Москва, ул. Тверская, д. 10, кв. 45', '2023-01-15 10:30:00'),
    ('Елена', 'Смирнова', 'elena.s@company.ru', '+7 (902) 234-56-78', 'ООО "Смирнов и партнеры"', 'г. Санкт-Петербург, Невский пр., д. 25, офис 301', '2023-02-20 14:15:00'),
    ('Алексей', 'Иванов', 'alex.ivanov@mail.ru', '+7 (903) 345-67-89', NULL, 'г. Екатеринбург, ул. Ленина, д. 5, кв. 12', '2023-03-10 09:45:00'),
    ('Мария', 'Козлова', 'maria.k@yandex.ru', '+7 (904) 456-78-90', 'ИП Козлова М.А.', 'г. Новосибирск, ул. Советская, д. 42, кв. 78', '2023-04-05 16:20:00'),
    ('Дмитрий', 'Соколов', 'dmitry.s@bk.ru', '+7 (905) 567-89-01', NULL, 'г. Казань, ул. Баумана, д. 15, кв. 33', '2023-05-12 11:10:00'),
    ('Анна', 'Морозова', 'anna.m@list.ru', '+7 (906) 678-90-12', 'ООО "Морозов и К"', 'г. Нижний Новгород, ул. Большая Покровская, д. 8, офис 5', '2023-06-18 13:40:00'),
    ('Сергей', 'Волков', 'sergey.v@inbox.ru', '+7 (907) 789-01-23', NULL, 'г. Самара, ул. Куйбышева, д. 33, кв. 56', '2023-07-22 08:30:00'),
    ('Ольга', 'Павлова', 'olga.p@company.com', '+7 (908) 890-12-34', 'ООО "Павлова Групп"', 'г. Ростов-на-Дону, ул. Буденновский, д. 12, офис 7', '2023-08-30 15:55:00'),
    ('Максим', 'Николаев', 'maxim.n@yandex.ru', '+7 (909) 901-23-45', NULL, 'г. Уфа, ул. Октября, д. 21, кв. 67', '2023-09-14 10:25:00'),
    ('Татьяна', 'Зайцева', 'tatiana.z@mail.ru', '+7 (910) 012-34-56', 'ИП Зайцева Т.В.', 'г. Красноярск, ул. Мира, д. 45, кв. 89', '2023-10-25 12:50:00'),
    ('Андрей', 'Белов', 'andrey.b@list.ru', '+7 (911) 123-45-67', NULL, 'г. Воронеж, ул. Пушкинская, д. 7, кв. 23', '2023-11-11 09:15:00'),
    ('Наталья', 'Федорова', 'natalia.f@bk.ru', '+7 (912) 234-56-78', 'ООО "Федорова и сыновья"', 'г. Волгоград, ул. Ленина, д. 56, офис 12', '2023-12-05 14:35:00'),
    ('Владимир', 'Кузнецов', 'vladimir.k@company.ru', '+7 (913) 345-67-89', NULL, 'г. Пермь, ул. Комсомольский, д. 89, кв. 34', '2024-01-18 16:45:00'),
    ('Светлана', 'Ильина', 'svetlana.i@yandex.ru', '+7 (914) 456-78-90', 'ИП Ильина С.Н.', 'г. Челябинск, ул. Кирова, д. 23, кв. 56', '2024-02-22 11:20:00'),
    ('Павел', 'Семенов', 'pavel.s@mail.ru', '+7 (915) 567-89-01', NULL, 'г. Омск, ул. Лермонтова, д. 12, кв. 78', '2024-03-14 13:30:00');

INSERT INTO domains (client_id, zone_id, name, status, reg_date, expire_date) VALUES
    (1, 1, 'mysite', 'active', '2023-01-15', '2024-01-15'),
    (1, 3, 'mybusiness', 'active', '2023-02-20', '2024-02-20'),
    (2, 1, 'smirnov-partners', 'active', '2023-03-10', '2024-03-10'),
    (2, 5, 'smirnov-org', 'active', '2023-04-05', '2024-04-05'),
    (3, 2, 'иванов-сайт', 'active', '2023-05-12', '2024-05-12'),
    (3, 3, 'ivanov-com', 'expired', '2022-06-18', '2023-06-18'),
    (4, 1, 'kozlova-shop', 'active', '2023-07-22', '2024-07-22'),
    (4, 7, 'kozlova-online', 'active', '2023-08-30', '2024-08-30'),
    (5, 3, 'sokolov-site', 'suspended', '2023-09-14', '2024-09-14'),
    (5, 4, 'sokolov-net', 'active', '2023-10-25', '2024-10-25'),
    (6, 1, 'morozova-blog', 'active', '2023-11-11', '2024-11-11'),
    (6, 6, 'morozova-info', 'active', '2023-12-05', '2024-12-05'),
    (7, 3, 'volkov-work', 'active', '2024-01-18', '2025-01-18'),
    (7, 8, 'volkov-store', 'active', '2024-02-22', '2025-02-22'),
    (8, 1, 'pavlova-agency', 'active', '2024-03-14', '2025-03-14'),
    (8, 9, 'pavlova-tech', 'pending', '2024-04-01', '2025-04-01'),
    (9, 3, 'nikolaev-pro', 'active', '2024-01-05', '2025-01-05'),
    (9, 4, 'nikolaev-net', 'active', '2024-02-10', '2025-02-10'),
    (10, 1, 'zaitseva-design', 'active', '2024-03-20', '2025-03-20'),
    (10, 10, 'zaitseva-site', 'active', '2024-04-15', '2025-04-15');

INSERT INTO dns (domain_id, type, name, value, priority) VALUES
    (1, 'A', '@', '77.222.111.33', NULL),
    (1, 'AAAA', '@', '2a00:1234:5678::1', NULL),
    (1, 'CNAME', 'www', '@', NULL),
    (1, 'MX', '@', 'mail.mysite.ru', 10),
    (1, 'TXT', '@', 'v=spf1 include:spf.mandrillapp.com ?all', NULL),
    (2, 'A', '@', '185.23.45.67', NULL),
    (2, 'CNAME', 'www', '@', NULL),
    (2, 'MX', '@', 'aspmx.l.google.com', 1),
    (2, 'MX', '@', 'alt1.aspmx.l.google.com', 5),
    (2, 'TXT', '@', 'google-site-verification=1234567890', NULL),
    (3, 'A', '@', '88.123.45.67', NULL),
    (3, 'CNAME', 'www', '@', NULL),
    (3, 'CNAME', 'ftp', '@', NULL),
    (4, 'A', '@', '77.88.99.11', NULL),
    (4, 'MX', '@', 'mx.yandex.ru', 10),
    (4, 'TXT', '@', 'yandex-verification=abcdefg', NULL),
    (5, 'A', '@', '92.55.66.77', NULL),
    (5, 'AAAA', '@', '2a01:1234::5678', NULL),
    (5, 'CNAME', 'www', '@', NULL),
    (6, 'A', '@', '93.44.55.66', NULL),
    (7, 'A', '@', '94.33.44.55', NULL),
    (7, 'CNAME', 'shop', '@', NULL),
    (8, 'A', '@', '95.22.33.44', NULL),
    (8, 'TXT', '@', 'v=DMARC1; p=none;', NULL),
    (9, 'A', '@', '96.11.22.33', NULL),
    (10, 'A', '@', '97.99.88.77', NULL),
    (10, 'CNAME', 'mail', '@', NULL);

INSERT INTO hosting (client_id, plan_id, domain_id, username, password, status, created) VALUES
    (1, 2, 1, 'user_ivan', '5f4dcc3b5aa765d61d8327deb882cf99', 'active', '2023-01-15 10:35:00'),
    (1, 3, 2, 'user_ivan_biz', '5f4dcc3b5aa765d61d8327deb882cf99', 'active', '2023-02-20 14:20:00'),
    (2, 4, 3, 'smirnov_co', 'e10adc3949ba59abbe56e057f20f883e', 'active', '2023-03-10 09:50:00'),
    (2, 2, 4, 'smirnov_org', 'e10adc3949ba59abbe56e057f20f883e', 'active', '2023-04-05 16:25:00'),
    (3, 1, 5, 'ivanov_site', '25d55ad283aa400af464c76d713c07ad', 'active', '2023-05-12 11:15:00'),
    (3, 1, 6, 'ivanov_old', '25d55ad283aa400af464c76d713c07ad', 'suspended', '2022-06-18 13:45:00'),
    (4, 3, 7, 'kozlova_shop', 'fcea920f7412b5da7be0cf42b8c93759', 'active', '2023-07-22 08:35:00'),
    (4, 5, 8, 'kozlova_online', 'fcea920f7412b5da7be0cf42b8c93759', 'active', '2023-08-30 16:00:00'),
    (5, 2, 9, 'sokolov_site', '96e79218965eb72c92a549dd5a330112', 'suspended', '2023-09-14 10:30:00'),
    (5, 2, 10, 'sokolov_net', '96e79218965eb72c92a549dd5a330112', 'active', '2023-10-25 12:55:00'),
    (6, 3, 11, 'morozova_blog', '1a1dc91c907325c69271ddf0c944bc72', 'active', '2023-11-11 09:20:00'),
    (6, 4, 12, 'morozova_info', '1a1dc91c907325c69271ddf0c944bc72', 'active', '2023-12-05 14:40:00'),
    (7, 3, 13, 'volkov_work', '81dc9bdb52d04dc20036dbd8313ed055', 'active', '2024-01-18 16:50:00'),
    (7, 4, 14, 'volkov_store', '81dc9bdb52d04dc20036dbd8313ed055', 'active', '2024-02-22 11:25:00'),
    (8, 5, 15, 'pavlova_agency', '5f4dcc3b5aa765d61d8327deb882cf99', 'active', '2024-03-14 13:35:00');

INSERT INTO ssl (domain_id, client_id, expire_date, status) VALUES
    (1, 1, '2024-01-15', 'active'),
    (2, 1, '2024-02-20', 'active'),
    (3, 2, '2024-03-10', 'active'),
    (5, 3, '2024-05-12', 'active'),
    (7, 4, '2024-07-22', 'active'),
    (8, 4, '2024-08-30', 'active'),
    (10, 5, '2024-10-25', 'active'),
    (11, 6, '2024-11-11', 'active'),
    (12, 6, '2024-12-05', 'active'),
    (13, 7, '2025-01-18', 'active'),
    (14, 7, '2025-02-22', 'active'),
    (15, 8, '2025-03-14', 'active'),
    (4, 2, '2023-04-05', 'expired'),
    (6, 3, '2023-06-18', 'expired'),
    (9, 5, '2023-09-14', 'expired');

INSERT INTO invoices (client_id, number, amount, status, created, paid_at) VALUES
    (1, 'INV-2023-001', 1990.00, 'paid', '2023-01-01 10:00:00', '2023-01-02 14:30:00'),
    (1, 'INV-2023-002', 2580.00, 'paid', '2023-02-01 11:15:00', '2023-02-03 09:45:00'),
    (2, 'INV-2023-003', 3990.00, 'paid', '2023-03-01 09:30:00', '2023-03-01 16:20:00'),
    (2, 'INV-2023-004', 990.00, 'paid', '2023-04-01 14:45:00', '2023-04-02 11:10:00'),
    (3, 'INV-2023-005', 590.00, 'paid', '2023-05-01 13:20:00', '2023-05-03 15:40:00'),
    (3, 'INV-2023-006', 1290.00, 'cancelled', '2023-06-01 10:50:00', NULL),
    (4, 'INV-2023-007', 1990.00, 'paid', '2023-07-01 12:35:00', '2023-07-02 10:15:00'),
    (4, 'INV-2023-008', 1990.00, 'paid', '2023-08-01 15:40:00', '2023-08-03 13:25:00'),
    (5, 'INV-2023-009', 1290.00, 'pending', '2023-09-01 11:25:00', NULL),
    (5, 'INV-2023-010', 1290.00, 'paid', '2023-10-01 09:55:00', '2023-10-02 16:35:00'),
    (6, 'INV-2023-011', 1990.00, 'paid', '2023-11-01 14:10:00', '2023-11-03 12:50:00'),
    (6, 'INV-2023-012', 1590.00, 'paid', '2023-12-01 16:30:00', '2023-12-02 09:20:00'),
    (7, 'INV-2024-001', 1290.00, 'paid', '2024-01-01 10:40:00', '2024-01-02 14:15:00'),
    (7, 'INV-2024-002', 1990.00, 'pending', '2024-02-01 13:15:00', NULL),
    (8, 'INV-2024-003', 990.00, 'paid', '2024-03-01 12:05:00', '2024-03-03 11:30:00'),
    (8, 'INV-2024-004', 1790.00, 'pending', '2024-04-01 09:45:00', NULL),
    (9, 'INV-2024-005', 1290.00, 'paid', '2024-01-05 15:50:00', '2024-01-06 13:40:00'),
    (9, 'INV-2024-006', 1290.00, 'paid', '2024-02-05 11:30:00', '2024-02-07 10:25:00'),
    (10, 'INV-2024-007', 590.00, 'paid', '2024-03-05 14:20:00', '2024-03-06 16:55:00'),
    (10, 'INV-2024-008', 1490.00, 'pending', '2024-04-05 10:10:00', NULL);

INSERT INTO payments (invoice_id, client_id, amount, method, created) VALUES
    (1, 1, 1990.00, 'bank_card', '2023-01-02 14:30:00'),
    (2, 1, 2580.00, 'bank_card', '2023-02-03 09:45:00'),
    (3, 2, 3990.00, 'bank_transfer', '2023-03-01 16:20:00'),
    (4, 2, 990.00, 'bank_card', '2023-04-02 11:10:00'),
    (5, 3, 590.00, 'cash', '2023-05-03 15:40:00'),
    (7, 4, 1990.00, 'bank_card', '2023-07-02 10:15:00'),
    (8, 4, 1990.00, 'bank_card', '2023-08-03 13:25:00'),
    (10, 5, 1290.00, 'bank_card', '2023-10-02 16:35:00'),
    (11, 6, 1990.00, 'bank_transfer', '2023-11-03 12:50:00'),
    (12, 6, 1590.00, 'bank_card', '2023-12-02 09:20:00'),
    (13, 7, 1290.00, 'bank_card', '2024-01-02 14:15:00'),
    (15, 8, 990.00, 'bank_card', '2024-03-03 11:30:00'),
    (17, 9, 1290.00, 'bank_transfer', '2024-01-06 13:40:00'),
    (18, 9, 1290.00, 'bank_card', '2024-02-07 10:25:00'),
    (19, 10, 590.00, 'bank_card', '2024-03-06 16:55:00');

INSERT INTO tickets (client_id, subject, message, status, created) VALUES
    (1, 'Проблема с доступом к панели управления', 'Не могу зайти в панель управления хостингом. Ввожу логин и пароль, но сайт говорит "неверные данные".', 'closed', '2023-02-15 09:30:00'),
    (1, 'Вопрос по продлению домена', 'Подскажите, как продлить домен mysite.ru? Хочу оплатить сразу на год.', 'closed', '2023-12-10 14:45:00'),
    (2, 'Настройка почты', 'Не получается настроить почту для домена smirnov-partners.ru. Почтовый клиент пишет "неверный пароль".', 'resolved', '2023-04-20 11:20:00'),
    (2, 'Ошибка в DNS записях', 'После изменения DNS записей сайт не работает уже 3 часа. Помогите восстановить доступ.', 'closed', '2023-09-05 16:10:00'),
    (3, 'Хочу сменить тариф', 'Добрый день! Хочу перейти с тарифа "Стартовый" на "Базовый". Как это сделать?', 'closed', '2023-07-18 10:35:00'),
    (3, 'Проблемы с базой данных', 'Не могу подключиться к БД. Ошибка "Access denied for user".', 'resolved', '2024-01-25 13:50:00'),
    (4, 'SSL сертификат не работает', 'Установил SSL сертификат, но браузер пишет "небезопасное соединение".', 'open', '2024-03-30 15:15:00'),
    (5, 'Задолженность по оплате', 'Уведомление о задолженности. Хочу оплатить, но не вижу счета в личном кабинете.', 'in_progress', '2024-02-28 12:40:00'),
    (6, 'Как перенести сайт?', 'Планирую перенести сайт с другого хостинга. Предоставляете помощь в переносе?', 'closed', '2023-11-15 09:55:00'),
    (6, 'Технические вопросы по PHP', 'Нужно обновить версию PHP до 8.1 для работы сайта. Сделайте, пожалуйста.', 'resolved', '2024-03-10 14:20:00'),
    (7, 'Проблемы с загрузкой файлов', 'Не могу загрузить файлы больше 2 МБ через FTP. Ошибка "425 Can''t open data connection".', 'open', '2024-04-05 11:30:00'),
    (8, 'Вопрос по биллингу', 'Хочу получить закрывающие документы за прошлый квартал. Куда обратиться?', 'in_progress', '2024-04-10 10:15:00');
